栤崌偣NO,屭媞NO,NO,昞帵弴,妋擣庤攝帠崁,妋擣庤攝暘椶,庴晅擔,庴晅塩嬈強,庴晅扴摉,妋擣忬嫷,妋擣庤攝帠崁撪梕,屻曽儊儌
67368202,1041453304,1,,奺抧敪拝怽崬,AIR2,2026/1/9,惣僆儁儗乕僔儑儞壽,栰忋丂尗帯,枹妋擣,墲楬KIX帪娫懷丗巜掕側偟,
67368202,1041453304,1,,奺抧敪拝怽崬,AIR2,2026/1/9,惣僆儁儗乕僔儑儞壽,栰忋丂尗帯,枹妋擣,暅楬KIX帪娫懷丗巜掕側偟,
67368202,1041453304,1,,憲晅暔偵娭偡傞俼俻,敪憲,2026/1/13,惣摑妵HBOS梡屻曽,捯堜丂旤栫巕,枹妋擣,仸亂憲晅愭丗晄梫亃偺堊丄張棟側偟,
67368202,1041453304,1,,昦恖丄恎懱忈奞幰,AIR,2026/1/13,惣僆儁儗乕僔儑儞壽,徏杮丂峎戱,枹妋擣,仚仚僟儈乕婰榐偱偡仚仚摐擜昦偺偍巉偄彂曉憲偁傝丒帯椕朄丗僀儞僔儏儕儞椕朄丒拲幩婍傪婡撪偵帩崬偡傞偐仺帩偪崬傒偡傞丒拲幩婍偺擖傟暔偺戝偒偝丗廲10噋亊墶20噋亊岤偝8噋丒帩偪崬傒偡傞拲幩婍丗墲楬3杮丄暅楬3杮丒帩偪崬傒偡傞拲幩恓丗墲楬20杮丄暅楬20杮丒拲幩婍偺梕検丗3ml丒儁儞僔儖僞僀僾偐丠仺偼偄丒拲幩恓偺挿偝丗栺0.4噋丒栻昳柤丗傾僗僷儖僩丂梕検丗3ml丄僩儗僔乕僶丂梕検丗3ml寣摐應掕婍嬶帩偪崬傒偁傝丒應掕婍偺儊乕僇乕丗傾儃僢僩僕儍僷儞丒婡庬柤丗僼儕乕僗僞僀儖丂儕僽儗丒棙梡揹抮丗儕僠僂儉揹抮丂揹抮偺屄悢丗2屄丂恓偺杮悢丗20杮丒戝偒偝丗廲9.5噋亊墶6噋亊岤偝1.5噋婡撪怘偵偮偄偰丒摐擜昦梡摿暿婡撪怘偼乽婓朷偟側偄乿仺楢棈儊儌嵪傒丅2026/01/1314:22:05惣僆儁儗乕僔儑儞壽徏杮丂峎戱,
67368202,1041453304,1,,暿栤崌偣斣崋摨峴俧俼俹桳,AIR/LAND/JR,2026/1/13,惣僆儁儗乕僔儑儞壽,徏杮丂峎戱,枹妋擣,仚仚僟儈乕婰榐偱偡仚仚#67368244瘦翻呈藕條#67368305丂瘦驾丂嫁鄢條偲摨皋侔踢晹壆妱傝丗1TWN+1SGL#67368202瘦翻硟^儘僂條#67368244瘦翻呈藕條偑TWN,
67368202,1041453304,1,,擖嬥梊掕偺楢棈,擖嬥娗棟,2026/1/13,惣僆儁儗乕僔儑儞壽,栰忋丂尗帯,枹妋擣,仚仚僟儈乕婰榐偱偡仚仚怽崬嬥俀柤暘偼俧俛俁侽奒棃揦梊掕#67368244瘦翻呈藕條暘,
67368202,1041453304,1,,椞廂彂俼俻,擖嬥娗棟,2026/1/13,惣僆儁儗乕僔儑儞壽,栰忋丂尗帯,枹妋擣,仚仚僟儈乕婰榐偱偡仚仚#67368244瘦翻呈藕條暘偲偺俀柤暘,
67368202,1041453304,1,,僷僗億乕僩噦乛敪峴擭寧擔楢棈,庤懕乛嵏徹,2026/1/13,惣僆儁儗乕僔儑儞壽,彫椦丂惤,枹妋擣,乮僟儈乕乯亂儊乕儖亃桳岠婜尷惓偟偄傕偺傊掶惓嵪傒乮忋彂偒廋惓嵪乯岆丗桳岠婜尷丂34-11-20惓丗桳岠婜尷丂34-11-19,
67368202,1041453304,1,,偦偺懠,庴晅,2026/1/13,惣僆儁儗乕僔儑儞壽,彫椦丂惤,枹妋擣,乮僟儈乕乯亂儊乕儖亃2025/11/2520:25偛楢棈偁傝偑偲偆偛偞偄傑偡丅戝曄怽偟栿偁傝傑偣傫丅僷僗億乕僩偺桳岠婜尷傪丄岆偭偰搊榐偟偰偍傝傑偟偨丅惓偟偔偼丄壓婰偺捠傝偱偡丅丒敪峴擭寧擔丗2024/11/19丒桳岠婜尷丂丗2034/11/19偳偆偧傛傠偟偔偍婅偄怽偟忋偘傑偡丅伀亀壓婰撪梕偵偰曉怣嵪傒亁乮17丗30崰憲怣梊掕乯偛楢棈捀偒傑偟偨鸐岥丂怶條偺僷僗億乕僩偺桳岠婜尷傪2034擭11寧19擔傊偛曄峏抳偟傑偟偨丅偛楢棈捀偒傑偟偨撪梕偱偍庤攝傪恑傔偝偣偰捀偒傑偡丅偛懳墳捀偒偁傝偑偲偆偛偞偄傑偟偨丅壗懖媂偟偔偍婅偄抳偟傑偡丅,
67368202,1041453304,1,,僐儞僞僋僩拞,庴晅,2026/1/13,惣僆儁儗乕僔儑儞壽,彫椦丂惤,枹妋擣,乮僟儈乕乯P嘆PPT敪峴擔丒桳岠婜尷偵憡堘偁傝TEL偡傞傕晄弌丅儊乕儖憲怣嵪傒丅CB偁傟偽塩嬈扟岥傑偱撪慄PLZ丅2025/11/2512:38:58惣塩嬈侾壽扟岥丂撧曐仺亂儊乕儖亃僷僗億乕僩偺桳岠婜尷傪丄岆偭偰搊榐偟偰偍傝傑偟偨丅惓偟偔偼丄壓婰偺捠傝偱偡丅丒敪峴擭寧擔丗2024/11/19丒桳岠婜尷丂丗2034/11/192025/11/2611:16:31戝嶃梊栺僙儞僞乕惣懞丂擔堖撧,
67368202,1041453304,1,,偦偺懠,庴晅,2026/1/13,惣僆儁儗乕僔儑儞壽,彫椦丂惤,枹妋擣,乮僟儈乕乯P嘇傛傝栤偁傝巆埬俁W慜傾僫擔掱昞丂倂俤俛偵偰偺偛妋擣偲側傞巪傾僫嵪KIX傑偱PAX庤攝妋擣嵪,
67368202,1041453304,1,,僇僂儞僞乕棃揦梊掕,庴晅,2026/1/13,惣僆儁儗乕僔儑儞壽,彫椦丂惤,枹妋擣,乮僟儈乕乯僇僂儞僞乕棃揦帪PPT丂怘帠偺儕僋僄僗僩傪尵偄偨偄偲偺偙偲偱棃傜傟傑偡丅伀尰抧偱偺僀僇杗僷僗僞傪怘傋偨偄偑偳偙偑偄偄偐偲偺栤偄崌傢偣偁傝丅揧忔堳偑摨峴偡傞偺偱偦偪傜偱暦偄偰偔偩偝偄偲埬撪,
67368202,1041453304,1,,俹倀俽俫,庴晅,2026/1/13,惣僆儁儗乕僔儑儞壽,彫椦丂惤,枹妋擣,乮僟儈乕乯惪媮儊乕儖憲怣嵪丂仸11/28巆,
67368202,1041453304,1,,椃峴曐尟怽崬,庤懕,2026/1/13,惣僆儁儗乕僔儑儞壽,彫椦丂惤,枹妋擣,乮僟儈乕乯曐尟怽崬丂僞僀僾63仸儅僀儁乕僕峏怴嵪傒WEB姰寢梡曐尟怽崬彂梐偐傝,
67368202,1041453304,1,,偦偺懠,庴晅,2026/1/13,惣僆儁儗乕僔儑儞壽,彫椦丂惤,枹妋擣,"乮僟儈乕乯25-12-25,KIX,EK-0317,峲嬻寯斣崋丗1766328822048,梊栺斣崋丗HLADTD26-01-03,DXB,EK-0316,峲嬻寯斣崋丗1766328822049,梊栺斣崋丗HLADTD",
67368202,1041453304,1,,俤俢杮恖仺埶棅傊曄峏,庤懕,2026/1/14,惣僆儁儗乕僔儑儞壽,栰忋丂尗帯,枹妋擣,,
67368244,1041453323,1,,奺抧敪拝怽崬,AIR2,2026/1/9,惣僆儁儗乕僔儑儞壽,栰忋丂尗帯,枹妋擣,暅楬KIX帪娫懷丗巜掕側偟,
67368244,1041453323,1,,奺抧敪拝怽崬,AIR2,2026/1/9,惣僆儁儗乕僔儑儞壽,栰忋丂尗帯,枹妋擣,墲楬KIX帪娫懷丗巜掕側偟,
67368244,1041453323,1,,憲晅暔偵娭偡傞俼俻,敪憲,2026/1/13,惣摑妵HBOS梡屻曽,捯堜丂旤栫巕,枹妋擣,仸亂憲晅愭丗晄梫亃偺堊丄張棟側偟,
67368244,1041453323,1,,娭楢帠崁,LAND,2026/1/13,惣僆儁儗乕僔儑儞壽,徏杮丂峎戱,枹妋擣,仚仚僟儈乕婰榐偱偡仚仚偊傃壁俜薨峛妅椶慡斒偲偄偆傛傝偐偼僄價偩偗偲偺帠偱偡丅捶綋檪蜄鈶鑲葌祦A婎杮揑偵偼旔偗偰彚偟忋偑偭偰偄偨偩偔傛偆埬撪偟偰傑偡偑丄弌棃傞斖埻偱偛攝椂偍婅偄抳偟傑偡丅2026/01/1314:35:18惣僆儁儗乕僔儑儞壽徏杮丂峎戱,
67368244,1041453323,1,,暿栤崌偣斣崋摨峴俧俼俹桳,AIR/LAND/JR,2026/1/13,惣僆儁儗乕僔儑儞壽,徏杮丂峎戱,枹妋擣,仚仚僟儈乕婰榐偱偡仚仚#67368202瘦翻硟^儘僂條#67368305丂瘦驾丂嫁鄢條偲摨皋侔踢晹壆妱傝丗1TWN+1SGL#67368202瘦翻硟^儘僂條#67368244瘦翻呈藕條偑TWN晹壆妱傝丗TWN,
67368244,1041453323,1,,偦偺懠,庴晅,2026/1/13,惣僆儁儗乕僔儑儞壽,彫椦丂惤,枹妋擣,"乮僟儈乕乯亂儊乕儖偵偰楢棈偁傝亃2025/11/0417:37梊栺嬥丠偱偡偑丄夛堳儊僯儏乕傛傝僋儗僕僢僩僇乕僪傛傝偍巟暐偄偡傞梊掕偱偡偑丄傑偢偄偔傜偍巟暐偄偡傟偽傛偄偐偛楢棈捀偗傑偡偐丠傛傠偟偔偍婅偄偟傑偡亂壓婰撪梕偵偰曉怣嵪傒亃偍栤偄崌傢偣捀偒傑偟偨2柤條暘偺偍怽崬嬥偵偮偒傑偟偰偼丄亂267,920墌亃偱偛偞偄傑偡丅彯丄壓婰庤弴偵偰儅僀儁乕僕傛傝僋儗僕僢僩僇乕僪偱偍巟暐偄捀偗傑偡偺偱丄偛妋擣捀偗傑偡偲岾偄偱偛偞偄傑偡丅亙僋儗僕僢僩僇乕僪寛嵪庤弴偵偮偄偰亜嘆傑偢丄壓婰URL傪僋儕僢僋偟偰捀偒丄丂儊乕儖傾僪儗僗偲偍媞條偛搊榐捀偄偨僷僗儚乕僪傪偛擖椡偟偰捀偗傟偽丄丂夛堳儊僯儏乕傪偛妋擣捀偔偙偲偑壜擻偱偛偞偄傑偡丅丂丂丂https://r.hankyu-travel.com/pc/HT30702.do?command=login嘇乽夛堳儊僯儏乕乿傛傝乽偛梊栺拞偺僣傾乕乿傪偛棗偄偨偩偗傑偡偺偱丂奩摉偡傞僣傾乕偺乽徻嵶乮梊栺撪梕偺徻嵶傪尒傞乯乿傪僋儕僢僋偟偰捀偒傑偡丅嘊梊栺徻嵶偑弌偰嶲傝傑偡偺偱丄撪梕偺拞崰偵丄乽偛擖嬥忬嫷乿偑偛偞偄傑偡丅丂偦偪傜偵偁傞乽僇乕僪寛嵪乿傪僋儕僢僋偟偰捀偒丄丂僋儗僕僢僩僇乕僪忣曬偺擖椡傪偟擖嬥偺偍庤懕偒傪偍婅偄偄偨偟傑偡丅丂仸偦偺嵺偵丄寛嵪嬥妟傪偍怽崬嬥偐椃峴戙嬥堦妵偐偍慖傃捀偗傑偡丅傑偨丄巆嬥偵偮偒傑偟偰偼丄11寧28擔偵偛惪媮彂憲晅梊掕偲側偭偰偍傝傑偡偺偱丄偍撏偗傑偱崱偟偽傜偔偍懸偪偔偩偝偄傑偣丅埲忋偛埬撪偲側傝傑偡偑丄偍庤懕偒偺傎偳媂偟偔偍婅偄偄偨偟傑偡丅偍栤偄崌傢偣捀偒丄桳擄偆偛偞偄傑偟偨丅2025/11/0517:59:10戝嶃梊栺僙儞僞乕恀丂傂側偨佀亂野贅A棈偁傝亃2025/11/0518:02偛楢棈偁傝偑偲偆偛偞偄傑偡彸抦偄偨偟傑偟偨仭忋婰撪梕傛傝野贂詯M偣偢丅2025/11/0610:33:13戝嶃梊栺僙儞僞乕愳岥丂恀棟巕",
67368244,1041453323,1,,僀儞僞乕僱僢僩乮DS乯梫朷,庴晅,2026/1/13,惣僆儁儗乕僔儑儞壽,彫椦丂惤,枹妋擣,乮僟儈乕乯椃峴庤懕彂椶憲晅婓朷偁傝(WEB),
67368244,1041453323,1,,偦偺懠,庴晅,2026/1/13,惣僆儁儗乕僔儑儞壽,彫椦丂惤,枹妋擣,"乮僟儈乕乯亂E野賮z丂2025/11/2518:36丂taka.fks777@gmail.com偍悽榖偵側傝傑偡丂巆傝偺旓梡偱偡偑丄偄偮傑偱偵偍巟暐偄偡傟偽傛傠偟偄偱偟傚偆偐丠偛楢棈傛傠偟偔偍婅偄偟傑偡亂壓婰曉怣野賮z丂丂taka.fks777@gmail.com巆嬥偺偛惪媮偵偮偒傑偟偰丄壓婰偛埬撪怽偟忋偘傑偡丅		擱桘戙傗奀奜嬻峘彅惻側偳彅宱旓偑寛掕屻丄崱夞偺偛梊栺偱偼亂11寧28擔乮嬥乯亃崰偵丄摉幮傛傝巆嬥偺偛惪媮彂傪敪憲偝偣偰捀偔梊掕偱偡偺偱丄彂椶摓拝偛妋擣捀偒傑偟偰偐傜偛擖嬥傪偟偰捀偗傟偽栤戣偛偞偄傑偣傫丅			偦偺屻偺偛埬撪偲偟偰偼丄偛弌敪侾廡娫慜傪栚張偵丄嵟廔擔掱昞傪偛帺戭傊彂柺偵偰偛憲晅偝偣偰捀偒傑偡丅彯丄偛擖嬥偵偮偒傑偟偰偼丄儅僀儁乕僕傛傝僋儗僕僢僩僇乕僪寛嵪傕偛棙梡捀偗傑偡偺偱偄偢傟偐偱偍庤懕偒偔偩偝偄傑偡傛偆偍婅偄抳偟傑偡丅		亂儅僀儁乕僕亃		壓婰URL傪僋儕僢僋偟偰捀偒丄		儊乕儖傾僪儗僗丒僷僗儚乕僪傪偛擖椡偟偰捀偗傟偽丄		儅僀儁乕僕傪偛妋擣捀偔偙偲偑壜擻偱偛偞偄傑偡丅丂丂		https://r.hankyu-travel.com/pc/HT30702.do?command=login		仸亀梊栺撪梕偺徻嵶傪尒傞亁傪僋儕僢僋偟偰捀偒丄		丂丂恑傫偱捀偔偲亀偛擖嬥忬嫷丒柧嵶亁傕偛棗捀偗傑偡偟丄		丂丂偦偪傜傛傝僋儗僕僢僩僇乕僪寛嵪傕壜擻偱偛偞偄傑偡丅仸捠忢丄摉幮傛傝擖嬥庴椞偺楢棈偼偄偨偟偰偍傝傑偣傫偺偱	丂丂梊傔偛椆彸壓偝偄傑偣丅				埲忋丄壗懖傛傠偟偔偍婅偄怽偟忋偘傑偡丅偍栤偄崌傢偣捀偒傑偟偰偁傝偑偲偆偛偞偄傑偟偨丅丂丂		",
67368244,1041453323,1,,僐儞僞僋僩拞,庴晅,2026/1/13,惣僆儁儗乕僔儑儞壽,彫椦丂惤,枹妋擣,乮僟儈乕乯喜瓦凹迋艞\栺妋擣偟偨偲偙傠摉婰榐撪梕偑弌偰偙側偄偲偺栤崌偣偁傝娫堘偄側偔梊栺嵪偺巪迸丄嵞搙喜瓦凹迧X怴偟傑偟偨偑P嘆谈枷蓝紬l偺偍柤慜偱暋悢偺屭媞搊榐偑偁傞偨傔妋擣偝傟偨嵺偺野俦霓诮偑娫堘偭偰偄側偄偐妋擣偺谧偟傑偟偨偑晄嵼仺P嘆傛傝C/B偁傝丅娫堘偄側偔梊栺嵪偺巪迸偟偨偲偙傠丄乽儊乕儖傾僪儗僗偼yahoo偱偼側偔gmail偱偡偐偹丄傢偐傝傑偟偨丄妋擣偟傑偡乿丂偲偄偆偙偲偱廔榖丅2025/10/1811:02:02戝嶃梊栺僙儞僞乕幒扟丂桼幚,
67368244,1041453323,1,,楢棈帠崁,庴晅,2026/1/13,惣僆儁儗乕僔儑儞壽,彫椦丂惤,枹妋擣,乮僟儈乕乯戞1婓朷丂12/28敪丂仈65535199丒丒丒丒WT丂戞2婓朷丂12/25敪丂仈65535211丒丒丒丒WT仺OK乮7/1乯媥傒偺搒崌忋丄12/28敪偺曽偑搒崌偑偄偄偺偱丄12/28敪偺WT偼宲懕婓朷2025/07/01丂17丟28丂抮揷TC/壀揷12/28敪偺HK楢棈偟傑偟偨偑丄偙偺傑傑12/25敪偱嶲壛偝傟傞偲偺帠偱偟偨丂2025/11/12丂14丗08丂抮揷TC/壀揷,
67368244,1041453323,1,,偦偺懠,庴晅,2026/1/13,惣僆儁儗乕僔儑儞壽,彫椦丂惤,枹妋擣,乮僟儈乕乯儊乕儖偵偰HK儗儔嵪2025/09/0815:25:50惣塩嬈侾壽垻晹丂埁嵤伀亂野賯蓚臉A棈偁傝亃2025/09/0815:24偛楢棈偁傝偑偲偆偛偞偄傑偡僉儍儞僙儖偑弌偨偺偱偡偹彸抦偄偨偟傑偟偨傛傠偟偔偍婅偄偟傑偡丅亂壓婰撪梕偵偰曉怣嵪傒亃傑偨偍庤懕偒偺拞偱丄偛晄柧揰摍偛偞偄傑偟偨傜偛墦椂側偔偍栤偄崌傢偣偔偩偝偄傑偣丅桳擄偆偛偞偄傑偟偨丅2025/09/0817:36:11戝嶃梊栺僙儞僞乕恀丂傂側偨佀亂野贅A棈偁傝亃2025/09/1308:34偛楢棈偁傝偑偲偆偛偞偄傑偡傛傠偟偔偍婅偄偟傑偡丅仭忋婰撪梕傛傝野贂詯M偟偰偄傑偣傫丅2025/09/1311:23:42戝嶃梊栺僙儞僞乕愳岥丂恀棟巕,
67368244,1041453323,1,,俠乛俛懸偪乛妋擣丒拲堄帠崁,庴晅,2026/1/13,惣僆儁儗乕僔儑儞壽,彫椦丂惤,枹妋擣,乮僟儈乕乯僪僶僀偱偺忔傝宲偓帪娫偱柶惻揦偱攦偄暔傪偟偨偄偺偩偑柶惻揦偺拞偵偁傞僔儑僢僾側偳偼揧忔堳偵嫵偊偰偔傟傞偺偐丠忔傝宲偓帪娫偑挿偄応崌偼僪僶僀偺娤岝側偳偼妝偟傔傞偐嫵偊偰梸偟偄伀偍媞條傊揹榖嘆揧忔堳偺垾嶢揹榖偺嵺偵僔儑僢僾側偳埬撪嘇崱夞偼忔傝宲偓帪娫偑3帪娫偔傜偄偺偨傔奜偵弌傞偙偲偼擄偟偄,
67368244,1041453323,1,,俤俢杮恖仺埶棅傊曄峏,庤懕,2026/1/14,惣僆儁儗乕僔儑儞壽,栰忋丂尗帯,枹妋擣,,
67368244,1041453323,1,,偍媞條忣曬,VIP丒岗把,2026/1/14,惣僆儁儗乕僔儑儞壽,彫椦丂惤,枹妋擣,乮僟儈乕乯嶃媫揹揝愱柋庢掲栶忋揷條偺偛恊愂偱偡丅揹揝栶堳娭楢偺偨傔VS埖偄偱張棟偟傑偡丅,
67368244,1041453323,1,,僇僂儞僞乕棃揦梊掕,庴晅,2026/1/14,惣僆儁儗乕僔儑儞壽,彫椦丂惤,枹妋擣,乮僟儈乕乯僇僂儞僞乕棃揦1/19梊掕伀棃揦帪壓婰偺埬撪偁傝丅僇僾儕搰偼妝偟傒偵偟偰偄傞偺偩偑暵強嫲晐徢偱怱攝丅屻懠偺棫偪婑傝抧偱嫹偄偲偙傠偑側偄偐怱攝傕偟擖傟側偄側偳偁傟偽懸偮偲偙傠偑偁傞偐偳偆偐僩儅僩偑嬯庤側偺偩偑懠偺椏棟偵曄峏偑偱偒傞偐偳偆偐僄儈儗乕僣峲嬻偼弶傔偰側偺偲僩僀儗偑嬤偄偨傔偱偒傞偩偗捠楬懁偺惾偵偟偰梸偟偄揧忔堳偝傫偼偳偺傛偆側恖偐帠慜偵敾傞偐嫵偊偰梸偟偄,
67368305,1041453369,1,,奺抧敪拝怽崬,AIR2,2026/1/9,惣僆儁儗乕僔儑儞壽,栰忋丂尗帯,枹妋擣,暅楬KIX帪娫懷丗巜掕側偟,
67368305,1041453369,1,,奺抧敪拝怽崬,AIR2,2026/1/9,惣僆儁儗乕僔儑儞壽,栰忋丂尗帯,枹妋擣,墲楬KIX帪娫懷丗巜掕側偟,
67368305,1041453369,1,,儖乕儈儞僌曄峏丒恖悢曄峏,LAND,2026/1/9,惣僆儁儗乕僔儑儞壽,栰忋丂尗帯,枹妋擣,乽TWN乿仺乽SGL乿,
67368305,1041453369,1,,憲晅暔偵娭偡傞俼俻,敪憲,2026/1/13,惣摑妵HBOS梡屻曽,捯堜丂旤栫巕,枹妋擣,仸亂憲晅愭丗晄梫亃偺堊丄張棟側偟丂,
67368305,1041453369,1,,娭楢帠崁,LAND,2026/1/13,惣僆儁儗乕僔儑儞壽,徏杮丂峎戱,枹妋擣,仚仚僟儈乕仚仚僄儗儀乕僞乕嬤偔偺晹壆婓朷妋栺偣偢2026/01/1314:38:17惣僆儁儗乕僔儑儞壽徏杮丂峎戱,
67368305,1041453369,1,,偦偺懠,庴晅,2026/1/13,惣僆儁儗乕僔儑儞壽,徏杮丂峎戱,枹妋擣,仚仚僟儈乕婰榐偱偡仚仚PPT2026/2/13庢摼梊掕乮怽崬彂傛傝乯,
67368305,1041453369,1,,暿栤崌偣斣崋摨峴俧俼俹桳,AIR/LAND/JR,2026/1/13,惣僆儁儗乕僔儑儞壽,栰忋丂尗帯,枹妋擣,仚仚僟儈乕婰榐偱偡仚仚#67368202瘦翻硟^儘僂條#67368244瘦翻呈藕條晹壆妱傝丗1TWN+1SGL#67368202瘦翻硟^儘僂條#67368244瘦翻呈藕條偑TWN,
67368305,1041453369,1,,俤俢杮恖仺埶棅傊曄峏,庤懕,2026/1/14,惣僆儁儗乕僔儑儞壽,栰忋丂尗帯,枹妋擣,,
67368305,1041453369,1,,憲晅丒惪媮愭偺曄峏,敪憲乛惪媮,2026/1/14,惣僆儁儗乕僔儑儞壽,栰忋丂尗帯,枹妋擣,僟儈乕婰榐j偱偡憲晅愭傪夛幮偵曄峏丂,
67368305,1041453369,1,,僋儗乕儉桳,VIP丒岗把,2026/1/14,惣僆儁儗乕僔儑儞壽,彫椦丂惤,妋擣嵪,乮僟儈乕乯亂屭媞儊儌傛傝亃E043A8/12DEPTC儗億乕僩傛傝夁嫀偺儊僢僙乕僕儕僗僩偵偍偐偟側曽偲偁傞偑偦偺捠傝恖娫惈傪媈偆峴摦傕尒庴偗傜傟偨傛偆偱丄崱屻嶲壛傪嫅斲偡傋偒偲婰嵹偁傝丅仺偛梊栺帪傕丄慡慠愢柧傪暦偐側偄偍媞條偱偡丅廳梫INFO愢柧偡傞傕丄擭偵壗夞傕奀奜椃峴偵峴偭偰偄傞偺偱棟夝偟偰傑偡丅弶怱幰傒偨偄側埖偄偟側偄偱偲愢柧傪嫅斲丅僐儘僫偵偮偒偦偺愢柧傕亀傕偆偄偄偭偰亁偲嫅斲丅丂丂丂1/4丂彫抮,
67368305,1041453369,1,,偍媞條忣曬,VIP丒岗把,2026/1/14,惣僆儁儗乕僔儑儞壽,彫椦丂惤,妋擣嵪,乮僟儈乕乯***屭媞儊儌傛傝懳墳拲堄***2016/1/22DEP丂E197丂TC乮拞懞桳崄巕SSP乯曬崘傛傝崱夞偛帺恎偱婣楬僱僢僩僠僃僢僋僀儞偝傟丄LH學堳偲FCO偱彮偟傕傔傑偟偨丅偦偺偨傔丄慜偺峀偄惾傪妋曐偝傟丄懠偺偍媞條傛傝偍偐偟偄偲偺惡偁傝丅******************************************************佀1/15丂嫶TC傛傝崱夞摨條偵暅楬丄柍抐偱WEB僠僃僢僋僀儞丄俴俫學堳偵拲堄庴偗傞丅偦偺懠栤戣峴摦偁傝丅採斕僠乕儉傊儗億乕僩憲晅嵪丂16丗43丂愳曈,
67368305,1041453369,1,,偦偺懠,庴晅,2026/1/14,惣僆儁儗乕僔儑儞壽,彫椦丂惤,枹妋擣,乮僟儈乕乯,
67421418,1041496874,1,,奺抧敪拝怽崬,AIR2,2026/1/14,惣僆儁儗乕僔儑儞壽,栰忋丂尗帯,枹妋擣,墲楬KIX帪娫懷丗巜掕側偟,
67421418,1041496874,1,,奺抧敪拝怽崬,AIR2,2026/1/14,惣僆儁儗乕僔儑儞壽,栰忋丂尗帯,枹妋擣,暅楬KIX帪娫懷丗巜掕側偟,
67421418,1041496874,1,,儖乕儈儞僌曄峏丒恖悢曄峏,LAND,2026/1/14,惣僆儁儗乕僔儑儞壽,栰忋丂尗帯,枹妋擣,乽TWN乿仺乽SGL乿,
67421418,1041496874,1,,儖乕儈儞僌曄峏丒恖悢曄峏,LAND,2026/1/14,惣僆儁儗乕僔儑儞壽,栰忋丂尗帯,枹妋擣,乽SGL乿仺乽TWN乿,
67421418,1041496874,1,,僼儖乕僣僶僗働僢僩庤攝,LAND,2026/1/14,惣僆儁儗乕僔儑儞壽,徏杮丂峎戱,枹妋擣,仚仚僟儈乕婰榐偱偡仚仚乽VP乿僼儖乕僣僶僗働僢僩庤攝埶棅塩嬈仺LAND埶棅嵪2026/01/1411:49:59惣僆儁儗乕僔儑儞壽徏杮丂峎戱,
67421418,1041496874,1,,憲晅暔偵娭偡傞俼俻,敪憲,2026/1/15,惣摑妵HBOS梡屻曽,捯堜丂旤栫巕,枹妋擣,仸亂憲晅愭丗晄梫亃偺堊丄張棟側偟,
67421418,1041497019,2,,奺抧敪拝怽崬,AIR2,2026/1/14,惣僆儁儗乕僔儑儞壽,栰忋丂尗帯,枹妋擣,暅楬KIX帪娫懷丗巜掕側偟,
67421418,1041497019,2,,奺抧敪拝怽崬,AIR2,2026/1/14,惣僆儁儗乕僔儑儞壽,栰忋丂尗帯,枹妋擣,墲楬KIX帪娫懷丗巜掕側偟,
67421418,1041497019,2,,儔儞僪僆儞儕乕,AIR/LAND,2026/1/14,惣僆儁儗乕僔儑儞壽,徏杮丂峎戱,枹妋擣,仚仚僟儈乕婰榐仚仚P嘇骋擂始抟條尰抧僀僞儕傾挀嵼拞崌棳丗10/2823丗00崰梊掕乮尰抧1擔栚乯棧抍丗11/4儘乕儅嬻峘乮尰抧8擔栚丒嵟廔擔乯仸10/28梉怘晄梫伀尰抧僆儁儗乕僞乕彸戻嵪傒2026/01/1412:05:45惣僆儁儗乕僔儑儞壽徏杮丂峎戱,
